train_accuracy,train_auroc,step,train_f1,epoch,train_loss
0.675000011920929,0.8174999952316284,49,0.6666666865348816,0,0.5686008334159851
